question;labels;A;B;C;D;answer
A synonymous variant at the last nucleotide of an exon most likely causes:;splicing-rna|variant-mechanism;No effect on splicing;Disruption of the splice donor consensus;Increased mRNA stability;Activation of a cryptic promoter;B
A mutation in the intronic branch point adenosine primarily impairs:;splicing-rna;Lariat formation;Exon recognition by SR proteins;Poly-A signal cleavage;5' cap addition;A
A nonsense variant located in the last exon of a gene will most likely:;splicing-rna|variant-mechanism;Trigger NMD via exon junction complex;Escape NMD;Activate a cryptic splice site;Cause complete loss of transcript;B
A deep intronic variant 80 bp from the nearest exon is most likely pathogenic if it:;splicing-rna|variant-mechanism;Disrupts a conserved CTCF binding site;Creates a cryptic splice site with high MaxEntScan score;Disrupts a branch point adenosine;Lies within a repetitive element;B
A frameshift variant in exon 2 of a 20-exon gene is expected to result in:;splicing-rna|variant-mechanism;Truncated but partially functional protein;Loss of function via NMD;Gain of function;In-frame deletion of a single domain;B
In-frame skipping of an exon whose length is not a multiple of 3 results in:;splicing-rna;A frameshift and likely NMD;An internally deleted but in-frame protein;No change in protein sequence;Complete loss of transcript;A
A variant disrupting the polyadenylation signal (AATAAA) most likely leads to:;splicing-rna;Reduced mRNA stability;Intron retention;Altered ribosome binding;Increased translational efficiency;A
Which histone mark is most associated with transcriptionally active promoters?;epigenetics-regulation;H3K27me3;H3K9me3;H3K4me3;H3K36me3;C
The nonsense-mediated mRNA decay pathway is triggered when a premature termination codon is located more than approximately how many nucleotides upstream of the last exon junction?;splicing-rna|variant-mechanism;80 nt;20 nt;50 nt;40 nt;C
A promoter variant reduces RNA polymerase II binding efficiency by 80%. The most expected consequence at the protein level is:;splicing-rna|variant-mechanism;Altered amino acid sequence;Reduced protein quantity;Production of a truncated isoform;Constitutive protein overexpression;B
Aberrant splicing leading to intron retention in a coding region most often results in:;splicing-rna;Gain-of-function;Frameshift and premature stop codon;Silent variant with no protein change;Activation of upstream open reading frame;B
A heterozygous variant in the 5'UTR of a gene creates a new upstream AUG in-frame with the coding sequence. The most likely consequence is:;splicing-rna|variant-mechanism;Increased translation of main ORF due to additional initiation sites;Reduced translation of main ORF due to ribosome stalling;Activation of NMD;Enhanced nuclear export of mRNA;B
RNA sequencing detects monoallelic expression of a gene in a patient heterozygous for a promoter variant. This finding is most consistent with:;splicing-rna|genomic-diagnostics;Germline uniparental disomy;Allele-specific expression;Random X-inactivation due to skewed X-chromosome inactivation patterns;Somatic loss of heterozygosity;B
CpG islands near gene promoters are typically:;epigenetics-regulation;Methylated and transcriptionally active;Unmethylated and associated with active transcription;Methylated and associated with active transcription;Unmethylated and enriched for heterochromatin;B
Which splicing variant type is most reliably classified as pathogenic using in silico tools alone?;splicing-rna|acmg-classification;Deep intronic +45;Missense at a splice region;Canonical ±1,2 splice site;Synonymous exonic;C
A synonymous variant disrupts an exonic splicing enhancer (ESE). The most likely consequence is:;splicing-rna|variant-mechanism;Increased translation efficiency;Exon skipping;Activation of promoter;Intron retention via branch point mutation;B
A variant shows strong splice disruption in blood RNA but normal splicing in brain tissue. The most likely explanation is:;splicing-rna;Sequencing artifact;Differential expression of splicing factors;NMD escape;Alternative promoter usage;B
A deep intronic variant has a high splice prediction score but no RNA evidence of aberrant splicing. The most appropriate conclusion is:;splicing-rna|genomic-diagnostics;Variant is pathogenic;Prediction is correct but there is a confounding factor;Prediction may overestimate effect without functional validation;Variant is benign;C
A deletion disrupts a topologically associating domain (TAD) boundary. The most likely effect is:;epigenetics-regulation|variant-mechanism;Loss of coding sequence;Ectopic gene activation;Alteration of mRNA stability;Reduced translation efficiency;B
Imprinting control regions primarily function by:;epigenetics-regulation|inheritance-mechanisms;Altering coding sequence;Regulating allele-specific DNA methylation and expression;Controlling RNA splicing;Recruiting Polycomb complexes to silence both alleles equally;B
Beckwith-Wiedemann syndrome can result from:;epigenetics-regulation|inheritance-mechanisms;Gain of methylation at IC1 or loss at IC2;Deletion of chromosome 21;Triploidy;Loss of mitochondrial DNA;A
A minigene assay shows exon skipping for a splice site variant, but patient RNA from affected tissue shows normal splicing. The most likely explanation is:;splicing-rna|genomic-diagnostics;Minigene lacks tissue-specific splicing factors;The variant is pathogenic;The patient has mosaicism;RNA sequencing is less sensitive than minigene;A
A CRISPR-Cas9 knock-in of a missense VUS shows no phenotype in cell viability. The most appropriate conclusion is:;genomic-diagnostics|variant-mechanism;Variant is benign;Variant is pathogenic;Phenotype may be cell-type specific;CRISPR editing failed;C
Overexpression of a mutant protein in HEK293 cells shows dominant-negative effect. This finding may be artifactual because:;genomic-diagnostics|protein-function;Overexpression bypasses normal regulatory stoichiometry;HEK293 cells are not human;The mutant protein is always degraded;Overexpression causes NMD;A
A balanced translocation with breakpoint 1 Mb upstream of SOX9 disrupts a TAD boundary. The most likely disease mechanism is:;epigenetics-regulation|variant-mechanism;Loss of SOX9 coding sequence;Misexpression;Polyadenylation failure;NMD activation;B
Kagami-Ogata syndrome (maternal UPD 14) results in which methylation pattern at the DLK1-MEG3 locus?;epigenetics-regulation|inheritance-mechanisms;Hypermethylation at IG-DMR and MEG3-DMR;Hypomethylation at IG-DMR and MEG3-DMR;Normal methylation at both;Loss of imprinting with biallelic silencing;A
A variant in the 3'UTR disrupts a conserved microRNA binding site. The most likely consequence is:;splicing-rna|variant-mechanism;Decreased translation;Increased translation;Activation of NMD;Intron retention;B
A mutation in the Kozak consensus sequence (gccRccAUGG) most likely results in:;splicing-rna|variant-mechanism;Increased transcription initiation;Reduced translation initiation efficiency;Activation of a cryptic splice site;Enhanced mRNA stability;B
AU-rich elements (AREs) primarily regulate:;splicing-rna;DNA replication timing;mRNA stability and degradation;Splice site selection;Translation elongation speed;B
RNA editing by ADAR enzymes primarily results in:;splicing-rna;C→T transitions;A→I changes;Insertion of poly-A tails;Exon duplication;B
A variant causing loss of a phosphorylation site in a protein is most likely to affect:;protein-function|variant-mechanism;DNA replication;Post-translational regulation;mRNA splicing;Chromatin compaction;B
Protein misfolding due to a missense variant most commonly leads to:;protein-function|variant-mechanism;Increased translation;Proteasomal degradation;Sequestration into autophagosomes;Activation of alternative promoters;B
A variant affecting a low-complexity domain involved in phase separation is most likely to:;protein-function|variant-mechanism;Alter RNA splicing fidelity;Disrupt formation of membraneless organelles;Decrease protein activity;Enhance protein activity;B
Bivalent chromatin domains are characterized by:;epigenetics-regulation|protein-function;Simultaneous activating and repressive histone marks;Complete absence of histone modifications;Permanent gene silencing;Exclusive presence in heterochromatin;A
A child has Prader-Willi syndrome. Methylation analysis shows a maternal-only pattern. The most likely molecular mechanism is:;epigenetics-regulation|inheritance-mechanisms;Deletion of the paternal 15q11-q13 region;Maternal uniparental disomy of chromosome 15;Deletion of the maternal 15q11-q13 region;Paternal uniparental disomy of chromosome 15;A
Angelman syndrome caused by paternal UPD 15 differs from that caused by maternal deletion in that:;inheritance-mechanisms|epigenetics-regulation;Phenotype is more severe with UPD;Recurrence risk is negligible with UPD;Methylation analysis is normal with UPD;UBE3A is biallelically expressed with UPD;B
A couple has two children with an autosomal recessive condition. Neither parent is a carrier on standard sequencing. The most likely explanation is:;inheritance-mechanisms|variant-mechanism;Somatic mosaicism in one child;Germline mosaicism in one parent;A de novo dominant condition;New mutation rate exceeds recurrence risk;B
Which situation is associated with the lowest recurrence risk, such that the presence of germline mosaicism would represent a relative increase?;inheritance-mechanisms;A de novo mutation in the proband;Germline mosaicism in a parent;Autosomal recessive inheritance with carrier parents;Mitochondrial inheritance;A
In a dominant negative mechanism, a heterozygous pathogenic variant causes disease primarily because:;protein-function|variant-mechanism;Wild-type protein is sequestered into nonfunctional mixed multimers;One mutant subunit poisons the entire multimeric complex;Protein concentration falls below its activity threshold despite normal gene dosage;Mutant subunits outcompete wild-type for multimer incorporation;B
Anticipation in myotonic dystrophy type 1 is explained by:;inheritance-mechanisms;Increasing methylation of the DMPK promoter with age;Instability of CTG repeats that expand preferentially during maternal transmission;Accumulation of somatic point mutations over generations;Progressive epigenetic silencing of the normal allele;B
A male patient has a severe phenotype for an X-linked recessive condition. His mother is a carrier. The recurrence risk for his sister's sons is:;inheritance-mechanisms;1/3;1/8;1/2;1/6;C
Which finding would most strongly suggest somatic rather than germline mosaicism?;inheritance-mechanisms|variant-mechanism;Variant detected in blood at 10% but absent in sperm by standard sequencing;Variant for which both parents are heterozygous but which is absent in the affected child;Variant detected in affected child but notin both parents by standard sequencing;Variant present in three affected siblings with unaffected parents;A
Loss of heterozygosity in a tumor suppressor gene most commonly occurs by which second-hit mechanism?;inheritance-mechanisms|variant-mechanism;De novo germline mutation;Somatic deletion or mitotic recombination of the wild-type allele;Promoter hypermethylation of the mutant allele;Alternative splicing of the wild-type allele;B
A patient has features of both Prader-Willi and Angelman syndrome. Karyotype shows a small supernumerary marker chromosome derived from chromosome 15. The most likely diagnosis is:;inheritance-mechanisms|variant-mechanism;Maternal UPD 15;Paternal UPD 15;Inv dup(15);Deletion 15q11.2;C
Variable expressivity within a family sharing the same pathogenic variant is most attributable to:;inheritance-mechanisms;Imprinting variation;Stochastic expression variation;Random somatic mosaicism;NMD efficiency differences;B
A de novo missense variant is identified in a child with a severe neurodevelopmental disorder. The prior probability of pathogenicity is most increased by which additional finding?;variant-mechanism|acmg-classification;The variant is absent from gnomAD;The same amino acid change is recorded as pathogenic in ClinVar;The gene is intolerant to missense variation (low Z-score);The variant is located in an exon;C
Which feature distinguishes pseudoautosomal region (PAR) inheritance from true X-linked inheritance?;inheritance-mechanisms;Biallelic expression from X and Y with meiotic recombination;Escape from X-inactivation only in females;Strict maternal transmission with dosage compensation;Y-linked segregation without recombination;A
An autosomal dominant condition has 60% penetrance. An affected individual has an affected child. The risk that a second child will be clinically affected is:;inheritance-mechanisms;30%;60%;36%;50%;A
A variant has frequency 0.1% in gnomAD. Disease prevalence is 1/50,000 (dominant). The correct interpretation is:;inheritance-mechanisms|acmg-classification;Variant is likely pathogenic;Variant is not causal;Variant is de novo;Variant is mosaic;B
A variant is found in 10/1,000 cases (1%) and 8/1,000 controls (0.8%). The limitation of concluding pathogenicity from this data is:;acmg-classification|variant-mechanism;Variant too common in controls to be causative;The difference is not statistically significant;Overfitting;Lack of information about the control group;B
Reduced penetrance primarily affects:;acmg-classification|variant-mechanism;Allele frequency;Phenotype probability;Epigenetic modifications;Imprinting frequency;B
In Bayesian variant interpretation for a dominant disorder, prior probability is based on:;inheritance-mechanisms;Allele frequency in gnomAD;Genetic architecture of the disorder;In silico prediction scores;Number of affected family members;B
A mutation causes disease by producing a toxic RNA that sequesters RNA-binding proteins. This is best classified as:;acmg-classification;Loss-of-function;Gain-of-function;Dominant negative;Haploinsufficiency;B
A variant increases receptor signaling activity in a specific tissue. This is:;splicing-rna|variant-mechanism;Loss-of-function;Dominant negative;Gain-of-function;Splicing defect;C
Disruption of a transcription factor binding site in an enhancer most likely causes:;variant-mechanism|protein-function;Dominant effects;Unchanged protein;Frameshift;NMD;B
A de novo deletion in a gene with high pLI score most likely causes disease via:;epigenetics-regulation|variant-mechanism;Gain-of-function;Haploinsufficiency;Dominant negative;Toxic RNA;B
A duplication of a triplosensitive gene is most likely to result in:;variant-mechanism|acmg-classification;Gain-of-function;Dosage pathogenicity;Regulatory effects;Reduced expression;B
Variants in FGFR3 causing achondroplasia act via:;variant-mechanism|protein-function;Loss-of-function;Gain-of-function;Dominant negative;Splicing defect;B
Variants in COL1A1 causing osteogenesis imperfecta are often:;variant-mechanism|protein-function;Gain-of-function;Dominant negative;Haploinsufficient only;Silent;B
Transient neonatal diabetes mellitus most commonly results from:;epigenetics-regulation|inheritance-mechanisms;Maternal UPD 6;Paternal UPD 6;Deletion of 15q11;Methylation defect at 11p15;A
An autosomal dominant disorder has 80% penetrance by age 60. An asymptomatic 30-year-old inherits the family pathogenic variant. The probability they will remain asymptomatic at age 60 is:;inheritance-mechanisms;40%;20%;80%;Cannot be determined;B
For an autosomal dominant disorder with prevalence 1/20,000 and full penetrance, the maximum expected allele frequency in gnomAD assuming no selection is approximately:;acmg-classification|inheritance-mechanisms;0.000025;0.0005;0.00005;0.00025;A
A variant has posterior probability of pathogenicity of 0.95 after integrating evidence. According to ACMG/AMP Bayesian framework, this corresponds to:;acmg-classification;Benign;Likely Benign;Likely Pathogenic;Pathogenic;C
A variant in the KRAS codon 12 (p.Gly12Asp) causes constitutive GTPase activation. This is best classified as:;variant-mechanism|protein-function;Neomorphic;Antimorphic;Hypermorphic;Amorphic;C
C9orf72 hexanucleotide repeat expansions cause ALS/FTD through:;epigenetics-regulation|inheritance-mechanisms;Repeat-associated non-AUG translation;Reduced expression of a chromatin modifier;Altered pre-mRNA splicing of adjacent genes;Dominant negative effect;A
A non-coding variant in a conserved enhancer element of SHH causes preaxial polydactyly. The mechanism is:;epigenetics-regulation|variant-mechanism;Defect in enhancer affinity;Ectopic expression;Aberrant transcript processing;Splicing defect;B
A pathogenic variant is present at 40% heteroplasmy in mitochondrial DNA. Disease severity is primarily determined by:;inheritance-mechanisms;Tissue-specific metabolic demand for OXPHOS;Threshold effect in affected tissues;Allele frequency in population databases;Nuclear-mitochondrial epistasis modifying the threshold;B
Mitochondrial disorders typically show which inheritance pattern?;inheritance-mechanisms;Autosomal dominant;Autosomal recessive;Maternal inheritance;X-linked recessive;C
The experimental observation that would most directly distinguish Repeat Associated Non-AUG translation from conventional repeat-mediated RNA toxicity is:;inheritance-mechanisms;Toxicity is abolished by removing the repeat from the RNA;Toxicity is rescued by overexpressing the normal protein;Toxicity persists when all start codons in the transcript are mutated;Toxicity requires the repeat to be transcribed in the sense orientation only;C
Hardy–Weinberg equilibrium assumes all of the following except:;acmg-classification;No differential survival among genotypes;Infinite population size;No gene flow between populations;Equal allele frequencies in males and females;D
A variant has an odds ratio of 1.1 in a large GWAS. This suggests:;acmg-classification|variant-mechanism;High penetrance pathogenic variant;Low-effect risk allele;Sequencing artifact;Complete loss-of-function;B
LOEUF (loss-of-function observed/expected upper bound fraction) primarily measures:;variant-mechanism|acmg-classification;Proportion of loss-of-function variants expected to be pathogenic;Gene intolerance to loss-of-function variants;Gene essentiality inferred from knockout models;Mutation rate required to observe loss-of-function;B
A canonical splice site variant (c.1234+1G>A) in a gene where loss-of-function is the established disease mechanism. The most appropriate ACMG criteria combination is:;acmg-classification;PM2 + PP3;PVS1 + PM2;PS3 + PP1;PM1 + PP5;B
A missense variant is found at a residue where a different amino acid substitution is established as pathogenic. The correct ACMG criterion is:;acmg-classification|variant-mechanism;PS1;PM5;PP3;PVS1;B
A variant is identified in a child with a confirmed de novo finding (paternity and maternity verified). The applicable ACMG criterion is:;acmg-classification;PS1;PM6;PS2;PP2;C
A variant has allele frequency of 0.6% in gnomAD for an autosomal dominant disease with prevalence 1/10,000. The most appropriate benign criterion applied is:;acmg-classification;BA1;BS1;BP6;PM2;B
The BA1 criterion (stand-alone benign) requires allele frequency exceeding:;acmg-classification;0.1% in any database;1% in local database;5% in a large general population database;0.5% in disease-specific cohort;C
A functional assay demonstrates that a missense variant significantly reduces protein function in a validated cell model. The correct ACMG criterion is:;acmg-classification|variant-mechanism;PP3;PM1;PS3;PVS1;C
In a recessive disorder, a variant is detected in trans with a confirmed pathogenic variant in an affected individual. The correct criterion for the variant under evaluation is:;acmg-classification|variant-mechanism;PP1;PP2;PM3;PS4;C
PP3 may only be applied as supporting evidence and cannot upgrade a variant to Pathogenic alone. What is required by the 2015 ACMG guidelines for PP3?;acmg-classification;Positive prediction from at least one specified ACMG-endorsed tool;Multiple concordant computational predictions of deleterious effect;Majority agreement across all computational tools used;A single high-confidence predictor exceeding a defined pathogenicity threshold;B
A missense variant is classified as Pathogenic in ClinVar by a single submitter. The same amino acid change has previously been classified as Pathogenic in another well-established database. The appropriate ACMG criterion to apply is:;acmg-classification;PS1;PP5;PM5;PVS1;B
A missense variant in a well-established hotspot residue of a kinase domain, with no benign variation at that position in population databases. The most appropriate criterion is:;acmg-classification|variant-mechanism;PM2;PP2;PM1;PP3;C
A variant is seen in 4 unrelated affected individuals and 0 controls in a well-powered study. The applicable ACMG criterion is:;acmg-classification;PM2;PS4;PP4;PM6;B
The BS2 criterion (ACMG) applies when a variant is observed in:;acmg-classification;One healthy adult homozygote for a recessive condition with full penetrance;Two or more healthy adult homozygotes for a recessive condition with full penetrance;Any number of healthy adult heterozygotes for a recessive condition;One healthy adult and one affected child in the same family;A
A synonymous variant has no predicted effect on splicing by multiple tools and occurs at a poorly conserved site. The most appropriate criterion is:;acmg-classification;BP4;BP7;BS3;BA1;B
When pathogenic and benign evidence exist for the same variant, the ACMG guidelines recommend:;acmg-classification|variant-mechanism;Classifying as VUS;Reporting only the stronger direction of evidence;Weighing evidence and classifying by net strength;Upgrading to Likely Pathogenic;C
The PM4 criterion applies to:;acmg-classification;Missense variants in hotspot regions;In-frame insertions or deletions affecting protein length;Variants absent from population databases;Confirmed de novo variants;B
A variant results in the same amino acid change as a known pathogenic variant but via a different nucleotide substitution, and splicing predictions suggest disruption of an ESE. The most appropriate interpretation is:;acmg-classification|variant-mechanism;PS1 with caution, plus PP3;PM5 with caution, plus PP3;PS1 only;PM5 only;A
A variant meets PM2 (absent in population), PP3 (multiple tools), and BS1 (frequency slightly above disease prevalence threshold). The correct approach is:;acmg-classification;Classify as Likely Pathogenic;Classify as Pathogenic;Classify as VUS;Classify as Likely Begnin;C
According to a Bayesian reinterpretation of ACMG criteria, which evidence combination most strongly shifts posterior probability toward pathogenicity?;acmg-classification;Two supporting criteria;One strong and one supporting criterion;One very strong criterion;Three supporting criteria;C
"A gene has ""Limited"" evidence for disease association in ClinGen. A rare truncating variant is identified. The correct interpretation is:";acmg-classification;Classify as Likely Pathogenic;Apply PVS1;Downgrade interpretation;Classify as Pathogenic;C
In a Bayesian framework, prior probability is most directly influenced by:;acmg-classification|variant-mechanism;Computational predictions;Gene-disease validity;Allele balance;Sequencing depth;B
A functional assay is well-established but shows only partial reduction of protein activity. The correct application of PS3 is:;acmg-classification;Apply as strong evidence;Calibrate the strength of PS3;Do not apply PS3;Upgrade to very strong;B
Conflicting ClinVar submissions exist, with one “Pathogenic” (single submitter) and multiple “VUS”. The most appropriate approach is:;acmg-classification;Apply PP5 and classify as Pathogenic;Ignore ClinVar data;Evaluate evidence;Classify as VUS;C
A gene-specific ClinGen expert panel guideline contradicts standard ACMG criteria. The correct approach is:;acmg-classification;Report contradiction and request further investigations;Apply standard ACMG;Apply the gene-specific guideline;Classify as VUS with a comment explaining the discrepancy;C
A variant meets strong pathogenic evidence but also strong benign evidence. The correct classification is:;acmg-classification|variant-mechanism;Pathogenic;Benign;Likely pathogenic;VUS;D
In Bayesian adaptation of ACMG, likelihood ratios are used to:;acmg-classification;Replace population frequency data;Combine heterogeneous evidence;Eliminate need for functional assays;Build prior probability;B
A variant meets PVS1, PS2, and PM2 but also meets BS1 due to population frequency 0.003 in a dominant disorder with prevalence 1/100,000. The correct Bayesian-integrated classification is:;acmg-classification;Pathogenic;Likely Pathogenic;VUS;Benign;A
"In a gene with ""Moderate"" ClinGen gene-disease validity, a loss-of-function variant should have PVS1 applied as:";acmg-classification;Very strong;Strong;Moderate;Supporting;C
PS1 and PM5 are both applicable to a variant. PS1 should be used when:;acmg-classification;New splicing pattern in involved;The amino acid change is identical;The residue is conserved;The variant is de novo;B
A variant has BS1, BS2 and PM2. According to the weighting guidelines, the classification should be:;acmg-classification|variant-mechanism;Pathogenic;Likely Benign;VUS;Benign;B
Chromosomal microarray detects a 450 kb deletion at 17p11.2 in a patient with intellectual disability. The most appropriate next step is:;genomic-diagnostics|variant-mechanism;Perform FISH and parental testing;Search DECIPHER and perform parental testing;Order WES to find the causative gene;Classify as pathogenic;B
A trio WES identifies a heterozygous de novo variant in a known haploinsufficient disease gene. The variant is a missense absent from gnomAD. NMD is not expected. The most appropriate classification is:;genomic-diagnostics|acmg-classification;VUS;Likely pathogenic;Pathogenic;Benign;B
Which clinical scenario is best addressed by RNA sequencing rather than DNA sequencing alone?;genomic-diagnostics|splicing-rna;Detection of a known pathogenic SNV;Identification of a splice-altering variant;Quantification of copy number;Detection of trinucleotide repeat expansion length;B
MLPA is specifically designed to detect:;genomic-diagnostics;Single nucleotide variants;Large deletions/duplications;Balanced translocations;Trinucleotide repeat lengths;B
A balanced reciprocal translocation identified by karyotype has breakpoints at 3q27 and 11q23. The most informative next step to identify a disrupted gene is:;genomic-diagnostics;WES of the breakpoint regions;Optical genome mapping;SNP array for LOH;Methylation analysis;B
Optical genome mapping compared to chromosomal microarray has the additional advantage of:;genomic-diagnostics;Higher resolution for SNVs;Detection of balanced structural variants;Lower cost;Better detection of single base substitutions;B
"A patient with a repeat expansion disorder has an allele in the ""mutable normal"" (premutation) range. The most relevant to counsel is:";inheritance-mechanisms;The patient may develop the full disorder;Transmission may lead to full mutation;Both parents should be tested;No clinical or reproductive risks;B
Whole exome sequencing has a diagnostic yield of approximately what percentage in patients with unexplained intellectual disability after standard workup?;genomic-diagnostics;<10%;25-40%;60-70%;>80%;B
Long-read sequencing is particularly advantageous for clinical use in which scenario?;splicing-rna|genomic-diagnostics;Detecting SNVs in coding exons;Sizing repeat expansions;Quantifying differential gene expression;Detecting aneuploidy;B
A patient's WES is negative. RNA-seq from patient fibroblasts shows 20% residual expression of one transcript isoform with exon skipping. The most likely explanation is:;genomic-diagnostics|splicing-rna;Technical artifact due to low coverage;Presence of deep intronic variant;Complete gene deletion;NMD of one allele with normal splicing of the other;B
The limitation of SNP array compared to WGS for structural variant detection is:;genomic-diagnostics;SNP arrays cannot detect deletions larger than 1 Mb;SNP arrays have lower resolution for small CNVs;SNP arrays are not validated for clinical use;SNP arrays cannot detect UPD;B
Functional complementation assay in patient-derived cells is most useful when:;genomic-diagnostics;A variant is Pathogenic by ACMG criteria and diagnosis is confirmed;A VUS is identified in a gene where no validated in vitro assay exists;A VUS exists with a validated recombinant assay;The variant is benign by population frequency;C
Reanalysis of WES data after 18 months in an unsolved case is recommended primarily because:;genomic-diagnostics;Sequencing quality improves retrospectively;Literature gets updated;Insurance coverage changes;Array CGH detects variants missed by WES;B
CRISPR knock-in models are preferred over overexpression systems because they:;genomic-diagnostics|variant-mechanism;Increase the mutation rate at off-target sites;Replicate endogenous regulatory elements;Avoid transcription of the transgene from extrachromosomal vectors;Eliminate alternative splicing;B
A variant with allelic balance approximately 0.54 in blood is most consistent with:;genomic-diagnostics|acmg-classification;Homozygous variant;Heterozygous germline variant;Mosaic variant;Sequencing error;B
A variant absent from gnomAD but with low CADD score should be interpreted as:;acmg-classification|variant-mechanism;Pathogenic;Benign;VUS;Likely Pathogenic;C
Missing RS_ID and frequency data most strongly indicates:;genomic-diagnostics;Sequencing artifact;Novel or rare variant;Benign polymorphism;Pathogenic variant;B
The most critical first filtering step for trio WES to identify a dominant de novo variant is:;epigenetics-regulation|variant-mechanism;Filter by synonymous variants;Filter by inheritance model;Filter by chromosome;Filter by gene length;B
A patient fulfills clinical criteria for Noonan syndrome, but trio WES is negative. Which explanation best accounts for this result?;genomic-diagnostics|variant-mechanism;A pathogenic variant located in a GC-rich region;A synonymous variant excluded during initial filtering;A variant in a gene with low constraint metrics;A common polymorphism misclassified as benign;A
Which variant type is most likely misinterpreted by standard short-read WES?;inheritance-mechanisms;Low-level mosaic variant (~5–10% VAF) in a heterozygous gene;Multi-exon duplication with complex breakpoint structure;Deep intronic variant creating a cryptic splice site;Canonical splice site variant at ±1/2 positions;B
Testing for HLA-B*57:01 is clinically important because it:;splicing-rna|variant-mechanism;Predicts warfarin dose;Predicts abacavir hypersensitivity;Affects clopidogrel metabolism;Predicts cancer risk;B
Variants in CYP2C19 influence response to:;inheritance-mechanisms|epigenetics-regulation;Aspirin;Clopidogrel;Metformin;Statins;B
Deficiency in DPYD increases toxicity risk for:;genomic-diagnostics|variant-mechanism;Methotrexate;Fluoropyrimidines;Cisplatin;Imatinib;B
A singleton WES yields 45,000 variants. The most efficient filtering cascade to identify a likely pathogenic variant for a suspected dominant disorder is:;inheritance-mechanisms|variant-mechanism;Frequency <1% → synonymous → intronic → missense;Frequency <0.001% → protein-altering → constrained genes;All rare variants → prediction scores → exclude known genes;Homozygous variants → frequency <1% → recessive genes;B
A WES report shows normal coverage for all exons of PKD1. This finding should be interpreted with caution because:;epigenetics-regulation|genomic-diagnostics;PKD1 has a highly homologous pseudogene;PKD1 is not expressed in blood;PKD1 is X-linked;PKD1 variants are always structural;A
A patient is started on warfarin. CYP2C9 and VKORC1 genotyping is performed primarily to:;genomic-diagnostics;Predict cancer risk;Reduce bleeding risk;Determine drug efficacy;Screen for autoimmune reactions;B
A structural variant relocates a gene outside its regulatory domain without disrupting coding sequence. This is best described as:;inheritance-mechanisms;Frameshift mutation;Position effect;Loss-of-function;Trinucleotide expansion;B
Enhancer hijacking refers to:;inheritance-mechanisms|variant-mechanism;Enhancer repositioning activates an oncogene;Enhancer mutation reduces transcriptional activation;Gene editing restores normal enhancer–promoter pairing;Oncogene duplication increases dosage;A
A SNP array shows long contiguous stretches of homozygosity without copy number change. This suggests:;splicing-rna|variant-mechanism;Balanced translocation;Consanguinity;Somatic mosaicism;Trisomy;B
A variant affects an internal ribosome entry site. The most likely consequence is:;splicing-rna|variant-mechanism;Altered transcription initiation;Impaired cap-independent translation;Splicing modification;Increased DNA replication;B
A missense variant causes protein aggregation detectable only under stress conditions in vivo. The correct interpretation is:;protein-function|variant-mechanism;Conditional proteotoxic effect;Stress-unmasked constitutive aggregation;Hypomorphic allele with retained baseline activity;Constitutive loss of function;A
A heterozygous loss-of-function variant in a transcription factor causes disease only in individuals who also carry a common SNP in the factor's DNA-binding domain promoter that reduces expression by 40%. Homozygous wild-type individuals with the same SNP are unaffected. This is best explained by:;inheritance-mechanisms|variant-mechanism;Dominant negative effect;Variable expressivity from modifier genes;Digenic inheritance causing haploinsufficiency threshold breach;Incomplete penetrance due to stochastic gene expression;C
A mitochondrial DNA variant is present at low levels in blood but high levels in muscle. The most appropriate test is:;acmg-classification;Parent sequencing;Biopsy;Karyotyping;MLPA;B
Formal case-control cohorts are unavailable for a disorder with <50 published cases. The same variant is observed in 3 unrelated affected individuals with concordant phenotype. How should PS4 be applied?;acmg-classification|variant-mechanism;PS4 cannot be applied.;PS4 only applies if PP1 is already established.;PS4 applies with full strength since >2 unrelated individuals are affected.;PS4 applies at reduced strength based on variant recurrence.;D
A synonymous variant shows no predicted splice effect (SpliceAI <0.1) and sits in a non-conserved position. Which criteria apply?;acmg-classification;BP4;BP7;BP4 and BP7;BP4 or BP7 depending on variant frequency.;C
A 450kb deletion encompasses 3 OMIM haploinsufficiency genes with no known benign overlap. Which classification approach is correct?;genomic-diagnostics|variant-mechanism;Gene content and overlap scores are cumulated.;Dosage sensitivity scoring requires de novo confirmation.;PVS1 is applied to the most severe haploinsufficient gene.;Functional evidence is required before any pathogenicity score is assigned.;A
Which canonical splice site position is under the strongest evolutionary constraint and most reliably disrupted by single nucleotide substitution?;inheritance-mechanisms;Acceptor −1;Acceptor −2;Donor +1;Donor +5;C
A nonsense variant in the penultimate exon escapes NMD and produces a stable truncated protein. Compared to a variant triggering NMD, the expected pathogenic mechanism shifts toward:;inheritance-mechanisms|epigenetics-regulation;Haploinsufficiency;Dominant negative;Benign;Loss of function through transcript instability;B
piRNA-mediated transposon silencing in the germline primarily operates through:;genomic-diagnostics|inheritance-mechanisms;Dicer-dependent cleavage of double-stranded RNA precursors.;RISC complex loading and mRNA degradation.;PIWI-clade protein-guided DNA methylation of repetitive loci.;Polycomb-mediated H3K27me3 deposition at transposon promoters.;C
A WES report shows consistently low coverage across several exons of KCNQ1 and FMR1. The most likely technical explanation is:;inheritance-mechanisms;Differential expression.;GC-rich sequences reduce library amplification efficiency.;Repetitive sequence context causes multi-mapping.;AT-rich probe sequences show reduced hybridization efficiency at GC-rich targets.;B
Which method detects cytosine methylation through chemical conversion of unmethylated cytosines to uracil?;variant-mechanism|inheritance-mechanisms;Nanopore direct sequencing.;EPIC methylation array.;MS-MLPA.;Bisulfite sequencing.;D
A variant is detected at 15% VAF in blood with high base quality and strand balance. Which interpretation requires additional evidence to distinguish?;inheritance-mechanisms;Germline heterozygous variant with allelic imbalance.;Somatic mosaic variant versus clonal hematopoiesis.;Sequencing artifact due to PCR amplification bias.;Homozygous variant with one allele dropout.;B
Trio WES has higher diagnostic yield than singleton WES primarily because:;acmg-classification|genomic-diagnostics;Parental genotypes phase compound heterozygous variants in cis.;De novo variants are identified by subtraction from parental calls.;Inherited variants are eliminated from analysis when either parent is unaffected.;Parental allele frequencies refine population-level filtering thresholds.;B
A patient carries heterozygous variants in two unrelated genes, neither sufficient alone to cause disease in heterozygosity. Disease manifests only when both are present. This is best described as:;inheritance-mechanisms|variant-mechanism;Compound heterozygosity with incomplete penetrance.;Digenic inheritance.;Oligogenic burden with additive effect.;Modifier gene effect on a dominant variant.;B
In sickle cell trait (HbAS), both HbA and HbS are detectable on hemoglobin electrophoresis and each contributes to the phenotype. This inheritance pattern is:;inheritance-mechanisms;Incomplete dominance.;Codominance.;Haploinsufficiency.;Variable expressivity.;B
A homozygous pathogenic variant in gene A causes severe disease only in individuals also carrying a common variant in gene B that reduces a compensatory pathway. Gene B alone has no phenotypic effect. This interaction is best described as:;inheritance-mechanisms|variant-mechanism;Gene A is epistatic to gene B.;Dominance pattern.;Incomplete penetrance.;Genetic interaction.;D
A mother carrying a pathogenic MECP2 variant has a new pregnancy. The expected recurrence risk per pregnancy is:;acmg-classification|genomic-diagnostics;50% of daughters affected, 50% of sons affected.;50% of daughters affected, male conceptuses mostly non-viable.;50% of sons affected, daughters are obligate carriers.;25% of daughters affected due to skewed X-inactivation.;B
A truncating variant in KAT6A is identified in a patient with mild intellectual disability only. KAT6A is classically associated with severe syndromic ID with cardiac and palatal anomalies. The most appropriate interpretation is:;epigenetics-regulation|inheritance-mechanisms;Variant is benign since phenotype does not match OMIM description.;Variant is VUS.;Variant is pathogenic.;Variant is pathogenic since truncating variants override phenotypic discordance.;B
A negative carrier screen for cystic fibrosis using a 23-mutation panel in a Northern European individual reduces but does not eliminate carrier risk. This residual risk exists because:;genomic-diagnostics|acmg-classification;Epigenetic silencing of the wild-type CFTR allele in carriers can produce a phenotype indistinguishable from compound heterozygosity.;The panel does not detect all pathogenic variants in CFTR.;Carrier frequency exceeds disease prevalence in this population.;CFTR pseudogene sequences on chromosome 7 cause misalignment during variant calling, reducing effective panel coverage.;B
